TRK,ERK,AKT,JNK,S6K,RSK,RTK,STV
0,0,0,0,0,0,0,0
0.595838025255946,0,0.0664927393800005,0.591991081247234,0,0.607300717335327,0.640289266488317,0
0.530885727173588,0.518234738518658,0,0.528102092502302,0.528678636761685,0.53004511902799,0.524745755977587,0
0,0.283970297888799,0,0,0,0,0.279348439924267,0
0,0,0.0329040075891381,0,0,0,0,0
0,0.0191142364819504,0,0,0,0,0,0
0.539795511059706,0.536473001531127,0,0,0,0.542388751417443,0,0
0,0.441171623145094,0.439902039426225,0.44231215193596,0.446397537695365,0.439246342004745,0,0
