TRK,ERK,AKT,JNK,S6K,RSK,RTK,STV
0,0,0,0,0,0,0,0
0.0191246120969057,0,0.00103749147808791,0.343008640111969,0,-0.0745063054295733,0.324570294174492,0
0.243570732004696,0.551754058475933,0,-0.0692282927249645,-0.179690967907822,-0.0538342505751875,0.532130672249929,0
0,0.869415924473424,0,0,0,0,-0.0193409085086149,0
0,0,0.489658219194708,0,0,0,0,0
0,0.753117325242822,0,0,0,0,0,0
0.331502512337904,0.616148972485565,0,0,0,0.788269987784397,0,0
0,-0.681908632223304,0.28949814520325,-0.0384204022620735,0.411426250912263,0.467632044422297,0,0
