ERK,AKT,mTOR,SRC,CDK,PKC,IRS,MYC,DPD
0,0,0.377367905825401,0.381046697057911,-0.141872762077825,0,0.494427427150514,0,0
-0.738336360505208,0,0,0,0.414682509802654,0.96416992475767,1.32169963486109,0.562585788137663,0
0,0.296546571673435,0,0.186662298048173,0.992655626671292,0.338466710726726,0,0,0
0.340544205986375,0,0,0,0,0.423352432492264,0,-0.536048729948052,0
0.281176867880822,0,0.182421633813682,0,0,0,0,0.672225906342856,0
0,0,0,0,0,0,0,0,0
0.494514729280279,0,-0.55330951824905,0,0,-0.47740759804276,0,0,0
0,0,0,0,0.408461966503752,0,0,0,0
0,0,1.62769665796758,-0.27202980000372,0,0.646820970217049,0,0,0
