ERK,AKT,mTOR,SRC,CDK,PKC,IRS,MYC,DPD
0,0,1.55431223447522e-15,1.55431223447522e-15,0.497542588960787,0,1.55431223447522e-15,0,0
3.33066907387547e-16,0,0,0,3.33066907387547e-16,3.33066907387547e-16,3.33066907387547e-16,3.33066907387547e-16,0
0,4.44089209850063e-16,0,0.459657363716399,4.44089209850063e-16,4.44089209850063e-16,0,0,0
2.22044604925031e-16,0,0,0,0,2.22044604925031e-16,0,2.22044604925031e-16,0
4.44089209850063e-16,0,4.44089209850063e-16,0,0,0,0,4.44089209850063e-16,0
0,0,0,0,0,0,0,0,0
1.11022302462516e-15,0,1.11022302462516e-15,0,0,1.11022302462516e-15,0,0,0
0,0,0,0,6.66133814775094e-16,0,0,0,0
0,0,6.66133814775094e-16,0.438622767403883,0,6.66133814775094e-16,0,0,0
