,LY364947,Erlotinib,Gefitinib,BIBF 1120,PD 0325901,NVP-BEZ235,Torin 1,PKC 412,Doramapimod,SP 600125,Phthalazinone Pyrazole,Necrostatin-5,CAY10657,Ruxolitinib,CHIR99021
DPD,-1.9902699539369662,-0.30168887120623616,-0.5118280419684226,-1.5353190300249984,-1.507645463614385,,-0.4979065440840492,-1.0019340013638272,-0.41549374611148115,-0.4156814163854889,-0.9416052313104245,-1.3716559606390213,-1.1149207057468382,-0.5389975331742505,-0.9389976751124711
