,LY364947,Erlotinib,Gefitinib,BIBF 1120,PD 0325901,NVP-BEZ235,Torin 1,PKC 412,Doramapimod,SP 600125,Phthalazinone Pyrazole,Necrostatin-5,CAY10657,Ruxolitinib,CHIR99021
DPD,-0.2118130610414492,,0.19974064828671634,,0.7613436961257715,,,,0.12915146715079284,0.02551438680420685,,-0.2273546627221803,,-0.04755077744531836,-0.027191951881068394
