,LY364947,EGF,BIBF 1120,PD 0325901,NVP-BEZ235,Torin 1,PKC 412,Doramapimod,SP 600125,Phthalazinone Pyrazole,Necrostatin-5,CAY10657,Ruxolitinib,CHIR99021
DPD,-0.034645473442874754,-0.09413165797099433,-0.040274465199224986,0.4670035994855532,0.846209193381621,0.8462438612251563,0.31406093933302404,0.03354812794723717,0.0546624304120669,-0.010487604512669831,-0.039051795565878296,0.17826574008337556,-0.013011498111802822,0.1066210233216387
