,LY364947,EGF,BIBF 1120,PD 0325901,NVP-BEZ235,Torin 1,PKC 412,Doramapimod,SP 600125,Phthalazinone Pyrazole,Necrostatin-5,CAY10657,Ruxolitinib,CHIR99021
DPD,-0.628867181764927,-0.6502039533843008,-0.5888708808827129,-0.31635236849904363,1.2746675818082647,1.404584726075813,1.249973848392574,-0.409109351307457,-0.48378452416044665,-0.48346686242548037,-0.6113761591992956,,-0.4300260143041945,-0.5801000581832282
