,LY364947,Erlotinib,Gefitinib,BIBF 1120,PD 0325901,NVP-BEZ235,Torin 1,PKC 412,Doramapimod,SP 600125,Phthalazinone Pyrazole,Necrostatin-5,CAY10657,Ruxolitinib,CHIR99021
DPD,-1.5084335739390868,-0.03817508777426727,0.13249659354826504,-0.6330296328562621,-0.17204065870549676,-0.11997153784936608,-0.06099331253279893,-0.15475571957245754,-0.24408779258594318,-0.18927218157561532,-0.4497366075915376,-1.1418492000031903,-0.4151648699684057,-0.1228266257198411,-0.2797739584382779
