,LY364947,Erlotinib,Gefitinib,BIBF 1120,PD 0325901,NVP-BEZ235,Torin 1,PKC 412,Doramapimod,SP 600125,Phthalazinone Pyrazole,Necrostatin-5,CAY10657,Ruxolitinib,CHIR99021
DPD,-1.8965486986485474,-0.5989011888381092,-0.6165880426536124,-0.9627659822578486,-1.4171338545063028,,,-0.9638893204412919,-0.6289432590708479,-0.6128040034576516,,-1.521918105048468,,-0.5930825235100726,-0.2316258839638968
