,LY364947,Erlotinib,Gefitinib,BIBF 1120,PD 0325901,NVP-BEZ235,Torin 1,PKC 412,Doramapimod,SP 600125,Phthalazinone Pyrazole,Necrostatin-5,CAY10657,Ruxolitinib,CHIR99021
DPD,-0.9710226500054074,0.02426616835389139,1.5837161913109055,-0.9445112614856865,-0.9509896172778303,,,,1.1885332066717698,-0.6298945071953203,1.0540333506729695,-0.970110946110404,-0.8736174257421333,-0.36425542833314184,1.0583700531973053
