,LY364947,EGF,BIBF 1120,PD 0325901,NVP-BEZ235,Torin 1,PKC 412,Doramapimod,SP 600125,Phthalazinone Pyrazole,Necrostatin-5,CAY10657,Ruxolitinib,CHIR99021
DPD,-0.7276105961086846,-0.6808528935845022,-0.6469406937599662,-0.6919915822128666,1.4872493424482847,1.4463992005238608,0.3685535865690357,0.390902707829309,0.270862211046197,1.7047789974149419,-0.7272176549815803,0.7164212584981905,0.3613515444302284,1.745477316501193
