,LY364947,Erlotinib,Gefitinib,BIBF 1120,PD 0325901,NVP-BEZ235,Torin 1,PKC 412,Doramapimod,SP 600125,Phthalazinone Pyrazole,Necrostatin-5,CAY10657,Ruxolitinib,CHIR99021
DPD,-1.6164780381401347,-0.9265362325727018,-0.8285225883991778,-0.7937768699025666,-0.9619857952919659,-0.8537339032082295,-0.8947361917930687,-0.5828019301614696,-0.784578972872599,-0.7567249997424224,-0.9200968169850431,-1.5376109166972032,-0.7964461616363251,-0.44602351451679084,-0.897950640262216
