,LY364947,Erlotinib,Gefitinib,BIBF 1120,PD 0325901,NVP-BEZ235,Torin 1,PKC 412,Doramapimod,SP 600125,Phthalazinone Pyrazole,Necrostatin-5,CAY10657,Ruxolitinib,CHIR99021
DPD,-0.20258587513707724,0.0478657886669508,0.03446705474663571,-0.12370697641737369,0.19432744580396868,0.6458444622566654,0.7107996164280825,0.8238395321447094,-0.0732450849861932,-0.08786378701685682,0.009016111449568598,-0.027071730946617693,0.19836139626904314,-0.10445204578424165,-0.08539392947065004
